,UMAP_1,UMAP_2
0,-4.4980173,14.339602
1,5.6923513,-4.9870076
2,2.9607701,-2.371288
3,0.61163044,0.0358861
4,11.975499,2.4580712
5,10.949151,18.287884
6,10.105221,-2.2797537
7,12.75307,4.0404353
8,0.3124684,2.4593432
9,-2.8526554,7.576393
10,10.118683,18.854544
11,-4.825148,12.7894
12,11.836159,8.0255575
13,-0.98981625,8.713986
14,6.2963676,-4.694194
15,12.794547,13.176076
16,-2.8045151,-0.88922566
17,-1.244239,8.60382
18,10.726956,11.169978
19,-0.4535804,13.499632
20,-1.962269,4.6834083
21,11.44567,6.804635
22,-1.3504318,7.8945904
23,-1.7625488,-3.0864818
24,8.528763,-4.6032667
25,-0.49045774,8.092816
26,-1.6536801,-4.946338
27,10.714353,13.402257
28,-1.6653494,4.2184668
29,12.84704,4.446364
30,-3.681073,12.597488
31,2.0309637,-3.0384152
32,12.293581,2.64917
33,-2.7329855,8.393743
34,4.7770867,-5.6327934
35,10.96261,18.286406
36,12.237701,7.7383647
37,-3.9026778,14.438323
38,11.646701,2.7224858
39,12.912557,4.175344
40,-4.367808,14.4317
41,12.7050705,3.5229669
42,9.715567,-5.9280844
43,12.083047,1.413047
44,11.387146,3.0969305
45,1.5280827,-2.959577
46,-0.66303414,5.8803973
47,11.62011,8.139616
48,-1.1340129,3.2337668
49,11.935901,3.53658
50,1.568337,-2.9466512
51,12.855313,4.0438924
52,10.939877,4.0238256
53,0.35167423,-5.591833
54,9.164122,1.7284534
55,12.689164,3.209033
56,1.03771,-6.120706
57,12.58602,4.518677
58,0.3731911,-5.019989
59,11.525708,1.2171242
60,0.44658422,6.7717433
61,8.448623,0.40824053
62,0.991467,-2.9333932
63,-2.7665591,13.994295
64,-1.625771,-4.935876
65,11.789218,-0.252997
66,-3.0260851,14.09372
67,-1.8637123,13.921498
68,10.830092,10.989171
69,0.89273065,-5.794637
70,12.689587,7.9204893
71,9.604863,0.7732681
72,8.429527,-6.7565074
73,12.498768,0.33974767
74,10.312769,12.41768
75,10.631551,-6.100581
76,8.929464,1.244693
77,1.3810863,-2.8768902
78,11.36757,1.2286929
79,1.9743149,-3.0014591
80,-3.377529,11.746
81,-3.9688303,3.8381746
82,3.8745937,-5.648309
83,-1.5218616,5.5918536
84,7.90827,-5.922558
85,13.078652,7.4963603
86,-4.9153247,12.955227
87,-0.14621927,5.0993342
88,-2.5124817,-2.2973619
89,8.464461,0.1132968
90,7.7723565,-4.1949368
91,12.84578,7.417403
92,-3.465909,12.168322
93,4.9587626,-5.4144335
94,10.784258,3.9566686
95,11.254195,6.0551944
96,0.48894754,2.292785
97,12.589468,4.52725
98,6.371554,-4.247093
99,12.351817,5.9285192
100,12.653299,3.1182628
101,-0.7846961,6.814274
102,12.800167,3.9104912
103,11.536616,13.607694
104,11.791651,-0.38070905
105,-2.2983482,15.491239
106,-2.7838686,13.942655
107,-4.15531,4.0541525
108,11.918548,3.4721277
109,-2.7149122,14.967804
110,6.778549,-1.812995
111,-2.3267846,15.059839
112,-3.9007225,3.8041592
113,7.480811,-2.1270683
114,-1.9401056,14.923866
115,-0.362088,13.220376
116,7.021443,-2.8563101
117,11.462042,13.600683
118,-1.0860809,-4.785577
119,11.66819,4.958097
120,-0.87729937,8.848251
121,11.631419,-0.38192752
122,-0.71961844,-5.4048634
123,-2.2773135,-2.753469
124,10.244916,1.436624
125,-0.62237495,4.3691688
126,9.584832,-4.2050176
127,10.371637,-4.74047
128,11.873915,12.479085
129,-3.3702834,11.533665
130,0.95457125,7.93602
131,-0.24323238,3.4488025
132,-4.36152,12.967937
133,-3.4239566,8.692978
134,1.9828323,-2.9189465
135,0.6792541,0.10898796
136,-3.477021,-0.102239944
137,-0.21656841,5.4611754
138,9.338062,-2.253193
139,3.0611506,-5.142489
140,-2.9408941,6.3693705
141,-4.5163236,12.886134
142,-0.36551645,6.4761024
143,0.07268126,2.9492276
144,11.297186,6.446307
145,-2.1640587,-2.6102927
146,-1.8597298,-2.7337482
147,-3.7766428,13.168948
148,3.8392434,-5.64262
149,-1.5852594,9.131692
150,6.7238545,-1.7390225
151,10.292183,18.559832
152,12.134196,11.982721
153,0.97494155,7.601276
154,-1.7266637,-4.911662
155,10.742065,11.697539
156,-4.395834,11.1065
157,-1.571048,13.057259
158,11.835488,5.0718703
159,-0.78568035,-5.4553323
160,11.690802,4.931913
161,1.4759502,-2.9501805
162,1.1644361,0.28643402
163,12.258113,1.7242053
164,12.766795,7.1758294
165,3.1551886,-1.5382994
166,4.152895,-5.2550344
167,8.652857,-4.6882524
168,-0.37566623,5.446656
169,11.253677,-1.8090761
170,-5.1582384,14.399244
171,12.429271,5.253415
172,9.110249,-7.0319552
173,-2.4438667,14.453897
174,5.192435,-5.702354
175,-1.8340098,13.91718
176,-2.9376912,-1.6248244
177,-5.0003276,12.136461
178,-0.9548488,-5.2170444
179,11.15968,9.448755
180,10.326086,12.672589
181,-0.524831,-4.205614
182,9.421808,-4.7773743
183,0.54383445,-4.2447944
184,1.6247399,-0.04349768
185,12.6435,2.2306864
186,-2.2916703,-2.6647632
187,11.995833,6.256551
188,-3.9793065,3.841216
189,10.082347,-4.118793
190,8.257566,-0.48372737
191,-0.77164334,-5.440968
192,1.1836768,0.29800922
193,12.251988,1.5458556
194,-2.0519035,9.886954
195,0.987089,1.1368871
196,-4.9515324,12.182182
197,3.2761102,-5.17606
198,10.604107,-6.114141
199,11.474645,13.673235
200,-4.889927,11.829427
201,0.30925488,-6.2774367
202,-3.1690667,-0.2077285
203,1.6774553,-0.07595757
204,3.0827386,-4.9769893
205,2.7320063,-2.353797
206,-0.09705884,4.836154
207,12.189325,7.8343673
208,3.030545,-5.1381516
209,9.020539,-3.7653089
210,2.9920406,-2.2870648
211,11.60005,8.114264
212,-2.544791,-1.4891701
213,6.361102,-4.2712817
214,3.201813,-4.973015
215,12.7748,4.6781154
216,12.254913,5.2817297
217,1.9622865,-0.5619099
218,9.007212,1.2958256
219,10.6835,11.248914
220,-1.4616375,3.144561
221,8.300787,0.16815092
222,9.159981,1.7197102
223,5.664681,-5.2770276
224,-2.9954994,13.969063
225,-1.1173993,8.554929
226,12.219357,7.5858197
227,8.38593,-5.684423
228,10.55809,11.537943
229,5.582772,-5.0761747
230,10.711085,-2.2374325
231,8.612448,-4.6827817
232,-1.0927145,13.555341
233,10.178819,-2.2212567
234,11.403959,6.887249
235,-3.1553621,14.019884
236,11.15183,-1.9035006
237,-0.8263531,6.5530868
238,13.137509,7.536942
239,-4.9600115,12.246727
240,-0.9513752,5.8048673
241,-1.9645455,4.856889
242,-1.4719734,3.188251
243,-1.4781381,3.3875105
244,-1.9247798,14.978335
245,10.570098,11.439828
246,8.84534,-6.0837708
247,0.35534915,-5.024429
248,-1.1053343,5.9265513
249,9.339394,-3.850589
250,12.18611,3.7363698
251,0.29621542,-5.5715857
252,0.8319778,7.259073
253,0.496347,6.8067193
254,11.797038,7.320842
255,11.124381,-1.923364
256,9.66326,-2.9425707
257,-1.3429646,7.418617
258,-3.6602087,12.468442
259,-2.9136355,-0.6992729
260,7.454026,-6.3176036
261,11.523063,7.7780676
262,11.509344,8.010035
263,3.3636842,-5.0003395
264,-0.3777172,7.06361
265,11.771497,12.79265
266,-4.005078,3.8936
267,-1.2222989,8.267943
268,9.729555,2.1118631
269,5.6327972,-4.98463
270,12.291619,1.5371459
271,-5.195097,14.433498
272,0.4868522,-6.420094
273,12.792839,12.451778
274,-0.58920455,9.065629
275,-1.3704033,8.617967
276,-3.005447,7.1948934
277,-3.4724016,3.7298017
278,-3.2413177,10.032241
279,9.442992,-6.1043324
280,-3.499422,8.710391
281,12.859283,7.997957
282,11.789161,-0.3376879
283,0.87251407,1.3217864
284,9.283635,0.6016367
285,11.876243,12.151904
286,10.556081,-6.1101766
287,-3.8772554,14.471441
288,6.320153,-4.6744714
289,0.281993,-5.478566
290,-4.376912,9.585131
291,-0.15390581,5.657615
292,6.283485,-4.5684056
293,12.159208,1.8830414
294,12.213819,11.858575
295,11.88425,12.315664
296,12.736744,4.726233
297,0.100429244,2.5075738
298,10.580895,-6.107529
299,11.426946,6.8066835
300,-3.0317929,9.915137
301,7.7752686,-1.6638432
302,0.06296032,4.154243
303,10.8422,14.137676
304,11.15205,11.860355
305,1.8710623,-0.41667747
306,-1.6420882,-2.6394098
307,-3.3991084,3.6958196
308,11.345157,2.1769505
309,10.752447,2.2844005
310,11.001673,18.251644
311,6.735057,-4.137404
312,-3.0444534,15.014086
313,-4.486155,14.167427
314,-1.2623861,5.7943425
315,11.016105,13.4463625
316,9.373551,0.6161995
317,10.766315,2.2994893
318,12.206727,11.911249
319,6.4350314,-1.7095152
320,-3.7078755,-1.8048973
321,0.45484024,-5.3673363
322,-0.22160307,6.6072392
323,11.364062,3.6371853
324,-0.47617242,8.958163
325,-2.3206995,13.76859
326,9.032002,-1.9117835
327,0.30384782,-5.4086437
328,10.45953,-6.165984
329,0.6872297,1.7783823
330,11.52122,7.4722605
331,-5.163372,14.409387
332,-4.4094195,14.137343
333,-1.5753797,5.714265
334,-1.8857768,-4.850646
335,12.06249,11.551511
336,2.6351388,-2.475871
337,-2.2957673,-2.7727253
338,-0.7099042,8.670483
339,-2.976751,9.761053
340,12.283407,5.300174
341,1.1837881,-4.417798
342,7.9521084,-4.3480988
343,-0.583661,9.039859
344,0.5834597,0.03539883
345,-3.264803,9.91409
346,0.5503726,2.2402737
347,5.6787014,-5.0807633
348,11.568468,13.521915
349,-0.86844844,13.396783
350,12.756851,12.397318
351,3.2695308,-1.4503558
352,-1.4689771,12.980515
353,-1.8418669,4.328898
354,-4.394061,14.054193
355,9.435133,0.6294109
356,-2.1195037,15.046695
357,-0.33287454,8.842293
358,12.855504,12.419134
359,2.9695597,-4.926085
360,10.152216,-2.2053113
361,-4.091005,13.96541
362,7.6418047,-1.783505
363,10.633259,12.396116
364,8.514325,0.5576276
365,11.067093,10.115921
366,10.220708,18.570032
367,-3.7622356,14.35533
368,9.347627,-3.8851764
369,-1.1195729,7.318905
370,12.487409,4.4833536
371,10.310051,-5.2404814
372,9.673813,0.832976
373,12.323206,12.819439
374,0.06665732,2.8085704
375,11.3434925,8.3914795
376,11.601395,1.212762
377,-3.9313629,10.592836
378,12.095606,2.277191
379,0.90101725,1.2448028
380,1.0493977,7.8778906
381,10.283539,2.328511
382,-2.535594,4.0586925
383,12.862298,8.008497
384,0.7108155,1.7837853
385,11.793023,12.779872
386,-4.745802,14.198456
387,-1.2005332,4.9112988
388,-0.9468016,7.972512
389,11.211909,9.315062
390,0.63868093,2.113332
391,-2.3133943,15.480952
392,-3.7835808,13.0949135
393,8.133628,-0.10582254
394,12.246809,7.5588846
395,12.149817,-0.17401254
396,-0.06586184,3.2728562
397,-3.3874137,11.695131
398,-4.9293513,12.964333
399,10.388219,-4.450421
400,8.400689,-6.820908
401,7.217733,-6.341378
402,11.521434,1.2155238
403,11.607056,13.479633
404,11.766872,11.855934
405,8.808591,-5.01385
406,-0.88404554,8.860573
407,3.695759,-5.66433
408,0.8604552,-0.16548184
409,-0.2508225,2.442236
410,-2.5635138,-2.6400301
411,10.196629,-2.6056387
412,12.112429,-0.19374879
413,-4.013473,3.9491205
414,2.7056625,-1.6590031
415,8.925995,-5.0324187
416,4.7909346,-5.1969924
417,-1.6190923,4.106224
418,-1.6839453,9.370337
419,-1.5099165,7.218172
420,11.491093,8.172962
421,6.2254834,-1.699778
422,4.688101,-5.5996213
423,10.014458,2.0802774
424,-3.261528,3.8269968
425,-1.9220926,4.5138206
426,-1.1832241,-4.956969
427,-1.0145284,5.97323
428,1.5054873,-6.2574844
429,-1.4041446,13.051451
430,-0.3625181,8.77853
431,10.744921,-2.194512
432,12.431895,13.10712
433,10.943223,13.445407
434,-0.43955436,4.1813693
435,-0.52302915,8.471631
436,-4.3516235,9.5342865
437,8.477124,-0.44575456
438,1.9937234,-2.6326067
439,10.667313,13.960404
440,-2.8938935,7.426944
441,12.276187,5.1501074
442,12.728063,12.564233
443,5.818796,-4.9165616
444,8.293918,-6.735938
445,-1.5333074,3.3470669
446,-0.29585838,5.462437
447,5.0567102,-5.6484017
448,-3.6021502,10.531332
449,-2.0317857,9.91883
450,-1.2421564,2.7163768
451,-0.5662932,6.0654764
452,3.1321638,-1.5535886
453,-1.918863,15.00527
454,1.6562598,-2.645546
455,-1.0444593,3.3175197
456,-2.2088377,-2.8125982
457,10.673634,18.444647
458,11.848712,-0.1873993
459,3.9292893,-5.6499043
460,-2.306221,15.490375
461,11.096246,9.545052
462,2.290264,-2.5363781
463,-2.8207576,-0.017033398
464,0.179334,2.4979813
465,10.26475,-6.0023427
466,-2.5868247,4.055503
467,12.25389,11.665701
468,9.600846,-6.0219526
469,7.0414524,-2.8708284
470,0.068138696,3.9915264
471,-3.1199498,-2.1150882
472,-1.8018501,-4.8210816
473,0.24995445,-6.1093736
474,-2.7906404,-1.9214313
475,12.062532,12.528348
476,-1.9959356,14.942524
477,12.754932,4.6834183
478,-4.4867496,14.336411
479,12.489643,1.6907471
480,11.945416,1.1184802
481,-3.481445,-0.12062053
482,-1.3549705,8.565527
483,-1.0700078,-4.760435
484,10.536791,11.629021
485,-4.460247,14.425335
486,-1.0847313,8.533024
487,-1.7688625,4.167615
488,8.300946,-5.641365
489,-3.0051184,9.825902
490,-0.41197205,2.5440152
491,3.9994915,-4.3825965
492,-3.4172728,11.839173
493,10.047854,18.929203
494,-4.2439146,9.43161
495,7.2477508,-4.6641555
496,-3.401976,8.69068
497,8.942708,1.264117
498,-0.17006701,5.7890105
499,-2.3409956,15.195497
500,12.228658,7.600149
501,-0.88474154,-5.246427
502,1.5608037,-4.258472
503,10.798351,11.16149
504,8.548103,0.08780839
505,-1.803207,13.110713
506,-3.3396122,3.8028693
507,1.8012104,-0.41539222
508,1.3281366,0.55341
509,1.2315036,0.36519065
510,-1.7413405,13.98345
511,11.604755,-0.4026549
512,-0.55468,7.058119
513,10.098269,-6.186913
514,1.0178899,7.9619937
515,10.273605,18.743176
516,7.913333,-1.4245039
517,-2.465691,14.468968
518,-4.047904,14.389303
519,12.18072,-0.14964685
520,0.7514466,1.6552073
521,-2.6168494,-0.44182247
522,12.069348,-0.2602241
523,-3.3912117,11.699757
524,1.3086392,-4.591639
525,0.024649063,2.204157
526,1.3249846,-3.9785805
527,-2.7008688,-0.30989176
528,12.523518,1.81518
529,-2.4706216,13.78603
530,10.2006035,-6.0661883
531,6.8321285,-2.5576963
532,-2.4419484,14.940983
533,0.9520546,7.9864063
534,-3.0056643,-2.0930705
535,11.450219,7.5603013
536,4.2448063,-5.2136655
537,0.7889425,1.4350998
538,10.637051,13.902184
539,11.798434,-0.26978832
540,-2.8110797,14.824684
541,12.722822,3.4033737
542,4.0364285,-4.882766
543,8.832647,-6.0811367
544,-5.0283275,12.188737
545,11.245739,-1.8024265
546,10.765299,2.2109013
547,-0.028568346,3.3261158
548,1.065316,-6.1900573
549,-3.5215487,12.2491665
550,7.977795,-4.326441
551,12.8360405,7.997259
552,-2.6821837,13.891262
553,9.545311,-6.0890694
554,11.254098,-1.7574667
555,12.298575,5.1386666
556,-4.952792,12.92648
557,5.6652193,-5.2816286
558,-3.796872,8.455156
559,-0.36669242,3.999162
560,9.4868,-2.0218048
561,10.051941,-2.7402487
562,-0.50219536,2.6117246
563,6.6020317,-4.1247787
564,11.11862,9.479922
565,-3.382036,9.126211
566,2.6626036,-2.6403906
567,8.459152,-6.798813
568,-1.7675557,-2.7866435
569,-4.5862875,14.301997
570,-3.690345,12.481275
571,-0.80157894,-5.431763
572,1.6756163,-0.4109978
573,0.5755804,0.11436337
574,-0.55105585,9.035784
575,10.377749,-4.42893
576,10.25791,18.756508
577,12.689032,3.2796586
578,-1.012668,-4.8681793
579,0.9827843,1.1448215
580,12.372044,5.1615024
581,8.970679,1.3421456
582,11.891602,11.684167
583,-1.8555856,-2.8826578
584,-1.7199446,9.446739
585,-2.5339878,4.064754
586,9.337742,-3.0756388
587,11.922223,-0.0771837
588,12.717636,3.9487865
589,-3.6899354,15.039012
590,-2.1013157,9.760032
591,-1.7303144,-3.1195874
592,-1.1292778,8.24646
593,-2.8507414,-0.008054162
594,3.1238356,-5.06745
595,11.277,6.198938
596,11.328746,2.175758
597,10.101309,18.868956
598,-0.2234627,-4.7416286
599,11.454478,6.734723
600,12.271906,0.21532878
601,-3.3921762,-0.1579522
602,10.068932,1.2135638
603,-1.1739298,8.570381
604,-1.1600596,5.8821607
605,12.82017,7.773672
606,12.1293745,0.2366938
607,4.128886,-5.125607
608,8.407588,-0.49358475
609,-3.4813607,8.785368
610,3.4118197,-5.7416835
611,10.120534,18.85409
612,-2.5061183,-2.2149217
613,10.693029,13.993628
614,0.11920488,3.542169
615,10.307401,-5.0901685
616,12.246261,11.729857
617,0.37893206,-5.0046268
618,10.932029,2.3530777
619,-2.9323897,9.80798
620,9.138789,1.4159229
621,-0.31134704,3.5443125
622,-4.4295325,12.927801
623,4.360222,-4.7361145
624,0.6188994,0.080618694
625,0.53001666,-5.6077704
626,11.978182,6.1657963
627,-0.8873497,2.9293509
628,4.9535856,-5.6046753
629,6.6909595,-1.7275429
630,10.362188,12.606569
631,-1.2061934,5.0683613
632,-3.391086,3.7769122
633,6.792354,-2.4320016
634,12.849767,4.037008
635,-0.32029548,-4.6085114
636,-4.366953,12.94855
637,12.7922,3.9839852
638,-0.39810994,6.4426303
639,10.579108,18.4913
640,9.039952,-0.0067209722
641,-2.9717124,-0.680628
642,8.721006,-4.703012
643,8.3048525,0.15469411
644,12.853901,4.034942
645,4.7934656,-5.591749
646,-1.1202759,5.819506
647,8.984016,-2.1024182
648,1.190233,-2.8654296
649,11.191355,9.385079
650,-3.1278555,-2.111692
651,12.286067,13.109448
652,7.997184,-5.8953004
653,0.3775386,-5.0302534
654,11.527481,-0.36042413
655,5.702936,-5.038925
656,-3.3949108,15.18222
657,12.315632,11.816207
658,-0.7794463,13.211386
659,12.022375,2.494987
660,2.5707698,-5.344151
661,3.3843126,-5.2429614
662,5.5078597,-5.501373
663,7.774136,-5.351232
664,2.4343476,-5.020841
665,12.619654,4.943305
666,8.66008,-6.8094053
667,8.18023,-0.24441493
668,0.074847594,4.06869
669,-1.5631273,-4.979696
670,-2.6736107,-0.50042385
671,-2.0397975,14.993676
672,1.7296083,-2.8608778
673,-2.360942,-2.15018
674,11.612563,4.302761
675,-2.6534905,-0.04859921
676,-4.3603783,13.302105
677,-3.7436116,-1.801026
678,6.7846823,-2.513115
679,-0.27068803,6.917429
680,2.0315323,-5.7509637
681,-2.2570796,-2.679308
682,-1.9010748,5.9552956
683,11.894467,3.443153
684,11.824574,11.484081
685,9.022284,1.1518829
686,-4.9635477,12.0372505
687,-0.11251661,6.769308
688,-2.7209108,-0.11154501
689,-3.152811,14.277539
690,-2.3795223,15.008399
691,-1.7859699,14.00742
692,11.869306,7.959552
693,11.096175,9.551042
694,-3.3645766,9.20801
695,12.043525,1.255154
696,12.4853325,12.948859
697,-0.14491911,6.7441163
698,11.103871,10.025763
699,-2.7648969,-0.75373876
700,11.622894,1.6619419
701,-2.9511187,6.410442
702,10.104904,-2.7203622
703,5.584899,-5.14274
704,-0.36297524,13.280212
705,-0.8959368,13.450453
706,11.786978,1.4231691
707,9.176678,0.0011229096
708,1.6820611,-0.40807548
709,0.57230896,2.2101638
710,-2.8833625,-0.0031195104
711,-0.36785555,8.888137
712,10.7206545,2.3453496
713,11.370048,8.397869
714,6.377093,-4.22346
715,-4.66453,14.183173
716,-2.8572218,15.222811
717,1.32253,-3.886706
718,10.365632,-6.1867843
719,8.944854,-1.8157839
720,0.9923547,7.6121645
721,8.801314,-5.0186567
722,2.0204585,-5.7299404
723,9.031582,-1.9806334
724,10.3299465,12.659192
725,12.119492,7.9328675
726,4.021291,-4.4186697
727,-3.2270124,15.124491
728,-0.22434583,6.6065555
729,-2.3282673,-1.8324269
730,-2.3104382,7.360966
731,8.124291,-5.4579806
732,11.830236,4.691843
733,11.820331,1.4354111
734,9.093911,-6.9184117
735,-1.1293625,8.595593
736,11.940535,7.9861608
737,9.19396,-2.0192304
738,12.278958,1.4745442
739,-2.4697394,14.435314
740,1.7729192,-0.4219811
741,0.025626533,3.644226
742,-1.3276143,4.461224
743,-2.9074259,14.721841
744,2.4806325,-4.9094353
745,-3.1941767,-0.24670395
746,-2.3094864,15.468554
747,-0.47697595,4.2413435
748,-3.7497976,-1.7935002
749,-1.4811472,-5.06304
750,-2.8404453,8.373436
751,-0.85766584,13.46529
752,1.5479597,-6.2491746
753,-1.1323425,-4.70816
754,-3.5191052,9.836918
755,5.50521,-5.50193
756,12.147572,1.4430763
757,-4.332702,13.337544
758,9.533995,-6.1026473
759,9.392241,-2.355451
760,-4.0287714,3.9254644
761,-3.3782237,11.722491
762,1.1193831,-2.8958776
763,-0.51848775,8.103037
764,-4.8796244,13.004415
765,-3.7916148,9.077168
766,-1.451648,3.449655
767,-3.1343474,9.831936
768,-1.3633686,3.282167
769,-2.6014588,-1.4073222
770,-2.017103,14.756106
771,-0.41630602,13.225487
772,-1.0093305,8.165414
773,-3.5771625,3.7685537
774,-0.3691601,8.8744545
775,7.620696,-4.2641506
776,-0.7321937,13.419108
777,11.4303255,6.813366
778,8.615111,-1.373441
779,-5.094991,14.296324
780,-1.1074799,7.283608
781,-3.6861625,15.039934
782,-0.41108853,13.486535
783,10.267959,-5.323418
784,12.5799,13.129086
785,9.892087,-3.7331944
786,10.793742,11.658254
787,1.430716,-4.0970187
788,-2.8224761,3.9669428
789,7.87304,-5.413601
790,11.545205,3.8483982
791,-1.6551223,-4.9607925
792,10.748675,2.2818062
793,10.583148,-2.3756611
794,-0.48164636,4.2392697
795,4.133638,-4.5996513
796,12.332738,7.702431
797,10.0513115,2.2039766
798,10.386002,-4.6125836
799,11.708567,4.9672995
800,0.23939946,2.3197415
801,2.9595075,-2.3272974
802,-4.5004816,14.117061
803,12.243867,7.580691
804,-3.4746244,-0.063304394
805,1.1716781,-4.4187465
806,6.726111,-2.5543587
807,10.266045,12.530428
808,12.600179,3.0560553
809,6.289034,-4.6697187
810,10.966477,-2.054762
811,-3.4677138,12.18113
812,7.174653,-6.3498096
813,11.179974,9.34884
814,9.070216,-0.02516043
815,9.912622,-3.967267
816,-2.8159091,7.570235
817,10.746201,11.116242
818,1.2420509,0.41030616
819,-2.95877,-2.2296836
820,11.915694,1.355181
821,-1.8640516,14.543457
822,10.2754135,-2.13355
823,12.821593,13.171938
824,-3.3519213,15.196803
825,11.395709,3.22284
826,11.375102,3.110209
827,2.5644717,-2.9494052
828,11.878854,3.4689317
829,-2.3601508,-2.1168413
830,-3.7628846,13.208581
831,2.6657777,-2.4319377
832,8.47435,-5.897912
833,11.989237,3.5365562
834,8.375166,-6.801597
835,6.255286,-1.6852407
836,4.032473,-4.6499786
837,12.25431,6.039843
838,-0.8047366,13.471043
839,-0.5314633,2.7066965
840,-1.0545844,3.3702016
841,-0.8524013,7.4346933
842,12.221713,3.831453
843,-2.3830729,-1.7677298
844,8.954198,1.3279735
845,-3.8356588,13.144446
846,-0.12683116,2.6065962
847,-0.42949554,6.463112
848,11.378699,-0.2518491
849,-0.3621679,-4.508612
850,9.89841,-3.724602
851,10.8399,10.762664
852,10.281299,-5.1096363
853,10.973334,5.875848
854,-1.8621209,5.900674
855,-1.2122598,6.0161843
856,11.064273,9.545142
857,-1.0807482,6.543436
858,0.08295116,3.995728
859,10.152681,18.760094
860,2.074551,-3.0559487
861,12.089327,2.320426
862,1.2411156,0.46672827
863,-0.63628066,7.075538
864,13.12142,7.520519
865,12.371994,0.19346821
866,7.3802156,-2.3231587
867,1.4602288,-4.569237
868,-1.8449026,13.9163685
869,12.808903,13.182535
870,0.88986886,7.336935
871,12.540848,2.9964902
872,12.445366,12.865214
873,0.7997422,-5.7429247
874,-1.9358145,5.9739366
875,8.023992,-4.3472137
876,0.09473247,3.55572
877,11.728855,11.3894005
878,1.3402966,-4.5898085
879,4.812513,-5.653745
880,10.387535,-4.6136765
881,10.519358,-6.071664
882,9.133927,0.17205073
883,10.839893,14.164632
884,8.976588,-7.006357
885,0.5036341,-5.436699
886,8.340476,-0.46041256
887,2.2882802,-2.7937465
888,-2.4371061,7.445048
889,-3.71482,-1.7878265
890,-2.9165664,14.359063
891,-2.545048,4.042792
892,11.376991,13.684804
893,10.849709,14.119847
894,-3.3571475,9.261488
895,-3.3124342,15.1978035
896,10.494517,-2.4851217
897,-3.5528467,3.7489905
898,-1.9499758,-2.0394957
899,7.26488,-2.2177534
900,10.15271,-2.693155
901,11.962771,11.649369
902,11.78733,4.8134665
903,0.7254236,-3.1132603
904,-0.9272432,7.989148
905,-4.143119,4.0524325
906,9.856151,2.2105262
907,-3.0059745,6.8348503
908,2.017178,-5.7357974
909,-1.7436328,-4.889314
910,8.639072,-4.774702
911,0.7850168,7.198808
912,10.8971195,3.9413283
913,-5.0378566,12.0942135
914,8.681823,-1.3632431
915,-0.7768824,6.5354357
916,6.692696,-3.2551353
917,-0.39926597,13.4120035
918,6.635452,-1.7015803
919,-4.44415,14.298093
920,10.578615,11.418049
921,7.2872524,-4.667906
922,-0.18148541,2.3139248
923,11.398053,8.343845
924,9.969102,2.10645
925,10.091773,1.5014204
926,-1.6444546,5.726803
927,10.145941,-4.2196765
928,12.694511,4.607007
929,7.9487915,-4.316566
930,-1.9097246,4.447852
931,-4.074718,3.9553306
932,9.046281,1.4217827
933,10.15355,-2.590824
934,-4.9417887,12.05448
935,1.7461091,-2.5911026
936,11.069761,9.557291
937,-2.7733786,-0.036664467
938,10.093632,1.2422333
939,-1.8401712,-2.892454
940,1.7272335,-2.9627388
941,9.133322,-7.0608172
942,4.0276856,-5.54792
943,9.15244,1.0824201
944,5.0715737,-5.1242094
945,11.439387,6.8996034
946,6.0857263,-4.820378
947,-1.5100204,-4.9657016
948,7.982888,-1.0273263
949,1.9332165,-2.6908426
950,8.98807,-0.13670611
951,10.310498,-5.207406
952,3.5653503,-5.715316
953,10.727199,4.0506287
954,-3.2836957,9.885047
955,10.845277,10.710276
956,0.052721485,2.3713293
957,-3.5251796,11.071651
958,-1.7562872,14.031634
959,-0.9761363,-4.8756976
960,-0.35273284,3.44538
961,11.252653,-1.8099191
962,0.8658466,-0.12310932
963,9.197897,-6.9721813
964,12.461699,13.096225
965,-0.36326623,4.149738
966,12.399693,13.130507
967,-2.7024906,15.073878
968,9.202158,-7.0096364
969,6.9877796,-4.6934953
970,8.217816,0.03887492
971,-0.1869485,5.63846
972,-3.3886328,9.364146
973,9.409316,0.8621729
974,12.653487,2.3077714
975,11.358371,8.435838
976,-2.4246163,-2.3583326
977,-4.3628993,9.540243
978,10.788632,11.77931
979,10.619039,18.478308
980,11.045374,10.126768
981,12.245472,11.652681
982,6.203144,-1.706018
983,-2.3602605,-2.1658068
984,6.2940655,-1.6918205
985,0.2435999,-5.387263
986,-3.3894467,3.7324169
987,12.813072,7.7767105
988,11.944855,4.774418
989,1.980407,-2.7672017
990,-3.1039379,-2.1198246
991,3.1564095,-5.1734877
992,5.7187395,-5.04211
993,11.412398,6.853969
994,0.256783,-5.3780856
995,9.890924,2.1998463
996,3.469111,-5.7399673
997,11.85968,12.334332
998,9.224422,-3.066503
999,9.219345,-7.005007
1000,-2.3078325,-2.743767
1001,-1.1134781,7.038337
1002,0.524222,6.8730097
1003,2.8018749,-2.307694
1004,-3.0910244,-2.046037
1005,9.348933,0.5687604
1006,11.931492,12.3775015
1007,0.9626553,-5.866252
1008,10.99423,2.2069685
1009,9.461005,-4.042807
1010,12.033965,11.627797
1011,-0.5338674,-4.190876
1012,10.461725,-6.177996
1013,-3.654788,10.409037
1014,10.701248,14.0013275
1015,12.166141,7.4999294
1016,3.1531496,-5.0369444
1017,0.88418347,-0.17873935
1018,2.5350437,-2.9585972
1019,12.493096,0.271133
1020,-0.11660939,5.0037103
1021,-1.9655315,-2.0341325
1022,11.425019,3.5967298
1023,10.0841465,-6.2095747
1024,9.354094,-2.2793975
1025,8.493896,-5.905836
1026,11.226716,-1.8388792
1027,6.666871,-4.104314
1028,0.22070815,-6.1299586
1029,0.23274162,-6.1226807
1030,12.7762375,7.815598
1031,-0.94419533,13.356901
1032,12.578989,1.997433
1033,11.414594,13.604262
1034,7.2459702,-4.6657944
1035,9.403968,-4.80315
1036,12.438968,1.5218912
1037,-4.9987683,12.015243
1038,-2.8617916,8.353365
1039,-4.9599156,12.067575
1040,-3.295057,8.678353
1041,-3.332013,8.907917
1042,-1.8516656,13.936027
1043,11.928219,4.727919
1044,-1.0013704,8.312606
1045,9.293401,-3.1118724
1046,-0.7933542,5.8989515
1047,-2.298704,9.710027
1048,-3.4278586,11.463663
1049,2.2686512,-2.8490276
1050,6.3771706,-4.2235355
1051,-4.288431,12.95244
1052,7.14926,-6.3416605
1053,0.98072016,-0.2478551
1054,-0.44291478,4.200279
1055,-2.841855,15.178141
1056,2.2106364,-5.637162
1057,4.3800445,-4.765291
1058,12.503178,12.9873085
1059,11.663658,7.1874766
1060,8.688547,-1.334047
1061,-3.766956,-1.8143295
1062,9.683565,-4.2472353
1063,8.373265,-5.788975
1064,11.076269,4.011398
1065,8.769193,-4.708502
1066,-1.1212988,2.812278
1067,-2.987803,-2.336801
1068,-2.2735987,15.288405
1069,10.128947,1.3126503
1070,8.482501,-0.12349363
1071,-2.472699,4.0752873
1072,4.8939395,-5.1854496
1073,11.438071,2.986923
1074,0.0063737654,2.2590575
1075,12.202589,11.576896
1076,-0.6079915,13.42505
1077,0.06809292,2.4675786
1078,9.066189,-2.2924647
1079,7.9940395,-5.5356593
1080,-0.4677784,8.081217
1081,1.0781727,-6.3389325
1082,-1.9269859,4.506703
1083,-4.386397,13.045449
1084,1.3407141,-3.6643295
1085,11.349814,4.2285433
1086,1.6672076,-0.39612454
1087,-0.6365316,8.238413
1088,-2.5247912,4.0605597
1089,-1.0406394,3.3958328
1090,3.048741,-1.6290694
1091,-3.3799677,11.495092
1092,-2.0155914,7.246314
1093,1.2373991,0.41663978
1094,-1.0010216,7.327014
1095,-4.1819973,13.746369
1096,-0.7264616,8.9610615
1097,0.042068087,4.0457163
1098,-3.6406078,15.090473
1099,-3.0729415,-2.1540563
1100,-1.7494096,-3.134457
1101,-1.8246827,4.272955
1102,11.468633,13.678458
1103,-3.4625487,12.18834
1104,-3.3148978,3.7475243
1105,-3.6157422,10.307253
1106,9.893464,-3.7672055
1107,11.684585,4.9182396
1108,10.55143,11.853368
1109,6.7699924,-2.519593
1110,-3.4030108,8.741696
1111,-1.9411075,-2.0342464
1112,9.101567,-2.7718875
1113,10.604554,-6.125533
1114,7.658416,-1.8108622
1115,-2.661348,8.369827
1116,0.31157202,1.965601
1117,-1.5778605,-2.5827136
1118,9.479993,-4.6340675
1119,8.953279,-6.1007066
1120,-3.3762167,11.600775
1121,-1.9452488,4.6225767
1122,-2.4761806,14.479839
1123,9.648187,-4.218125
1124,6.686306,-1.7276614
1125,12.018899,3.5773869
1126,2.582566,-2.578833
1127,11.949627,11.716667
1128,-3.449163,12.141673
1129,2.722294,-5.306079
1130,1.0375962,-6.048063
1131,10.815858,11.32592
1132,1.9715668,-0.6066004
1133,1.0766673,-6.3469973
1134,9.446324,-6.103464
1135,11.217918,-1.7936373
1136,10.7898,4.3665147
1137,-2.0148585,9.915414
1138,-3.3896277,8.911417
1139,11.926039,12.087854
1140,3.0605955,-5.7769957
1141,10.533455,12.148368
1142,-3.7334528,-1.7901183
1143,12.750705,12.520728
1144,-4.3335805,9.508818
1145,-3.5845258,8.630944
1146,-0.49502853,13.502707
1147,-2.0423722,-2.8982363
1148,9.218358,-3.232047
1149,-2.6803532,-0.13075091
1150,-0.14611934,3.3360734
1151,-3.3742564,9.270155
1152,9.223454,-7.015723
1153,-0.36243108,5.4981675
1154,-0.9930575,5.679416
1155,12.157879,5.2052593
1156,10.721937,13.422374
1157,10.225088,18.61964
1158,8.4204,-5.57206
1159,10.96398,5.8610997
1160,-3.9335384,3.807756
1161,-0.21875793,5.3510723
1162,-3.3957062,9.888262
1163,11.552782,1.0970359
1164,3.2390268,-5.0515413
1165,2.8502274,-1.7968401
1166,-3.4588275,9.677328
1167,0.36180195,-4.965855
1168,-1.8954467,4.422738
1169,1.5585468,-2.8111663
1170,13.116265,7.520754
1171,-3.699792,15.031975
1172,1.8532313,-4.464632
1173,1.9750874,-5.722644
1174,11.613561,-0.40074143
1175,11.755677,5.041732
1176,-3.5248148,10.871454
1177,2.4770336,-5.3173604
1178,-4.260402,13.492985
1179,-3.478926,-0.11418113
1180,12.119325,0.15315443
1181,11.4413395,7.501178
1182,2.9469087,-2.2491126
1183,1.7087948,-4.5939455
1184,-0.64166653,2.7767425
1185,11.32612,8.468868
1186,10.537881,-2.4217706
1187,1.226439,-6.3604097
1188,-0.57467276,-4.1195397
1189,-2.38296,13.731535
1190,-2.8693373,14.40306
1191,-2.9716525,6.6140385
1192,9.210487,-1.7429166
1193,9.190618,-0.19933942
1194,-1.5818728,9.193647
1195,-0.13793011,3.338563
1196,-1.4956713,3.25697
1197,-2.1085274,15.021858
1198,-3.0197105,14.02548
1199,8.527037,-5.93844
1200,-4.4259696,14.11502
1201,-2.9763904,6.6502767
1202,-1.9352709,5.947462
1203,10.413507,-2.0910645
1204,2.1595702,-2.7577276
1205,9.507785,-6.1054277
1206,11.236231,3.6925874
1207,-4.389854,9.572905
1208,6.178836,-1.7395465
1209,11.180699,9.449382
1210,-0.9553612,7.8707213
1211,12.459883,0.26057395
1212,3.2306068,-5.119497
1213,-3.3820286,11.611388
1214,2.386226,-5.3913527
1215,-4.251011,13.350178
1216,10.0898285,18.87748
1217,0.55853707,-5.654525
1218,11.866798,-0.17224629
1219,8.434364,0.38621756
1220,10.934052,3.8361957
1221,8.944119,-3.860836
1222,-3.7956386,8.460964
1223,11.526945,7.3219953
1224,-3.1745048,10.031277
1225,0.3949527,-6.4039497
1226,12.794035,12.456643
1227,-4.0661907,13.312193
1228,12.859615,7.9766817
1229,0.2658007,-6.1244974
1230,-0.35619646,8.86728
1231,-2.8728013,-1.9190603
1232,-2.8426564,7.5600705
1233,1.0165437,-5.9580593
1234,10.868011,14.105951
1235,-3.4527798,3.742687
1236,-3.5290916,15.149922
1237,-2.0037253,9.698571
1238,8.671753,-6.079829
1239,9.873043,2.2010093
1240,-2.711958,-0.14290534
1241,10.409079,12.292032
1242,-3.1319609,14.003877
1243,9.703374,-4.275441
1244,9.638732,0.78756934
1245,8.399407,0.29129845
1246,9.274785,-3.6535773
1247,-1.3684337,5.2752767
1248,2.321888,-3.0102844
1249,11.170602,5.9954543
1250,12.559471,2.9977376
1251,-2.9727201,6.519142
1252,7.855657,-1.6853424
1253,-2.3586054,4.097442
1254,-1.9573203,5.9865966
1255,-1.6049045,-2.443255
1256,12.397375,1.5127252
1257,0.2986024,2.4392679
1258,12.233202,11.712434
1259,8.849726,-6.0855956
1260,7.5757284,-1.9104062
1261,8.656417,-1.3779807
1262,12.537834,2.9742954
1263,7.8299627,-1.7089949
1264,11.369771,11.296419
1265,12.324148,5.6619678
1266,7.1847897,-4.7096252
1267,9.170514,-1.7924529
1268,8.914064,1.2191772
1269,11.175982,9.440752
1270,-4.455147,14.376412
1271,-1.295331,13.132052
1272,-0.657299,4.4235096
1273,10.130506,1.3746533
1274,0.97282326,-5.845927
1275,-3.3387194,11.576891
1276,4.6723065,-5.186864
1277,9.572166,-5.2872624
1278,-1.901917,-4.860366
1279,5.689181,-5.0526066
1280,-4.6871057,11.392803
1281,-1.5798523,-2.4843833
1282,-0.024650747,3.1822429
1283,10.572393,-2.0463123
1284,6.2934237,-1.6658602
1285,3.0387604,-1.571931
1286,-2.7538788,13.953185
1287,8.43272,-6.831655
1288,-3.9978154,12.929201
1289,11.759913,12.829169
1290,9.160448,-7.0066514
1291,10.595472,-6.1018677
1292,11.249814,-1.8071688
1293,-2.5515945,13.826305
1294,7.1126924,-6.331837
1295,-2.918136,9.793485
1296,0.6514302,0.08435429
1297,9.327748,-3.0559738
1298,9.127147,-3.6680546
1299,11.995976,7.9504986
1300,5.4486413,-5.56138
1301,10.754463,13.406547
1302,-2.8544357,7.5156407
1303,-1.0057348,7.011363
1304,-1.3607323,8.607859
1305,-5.184179,14.426961
1306,-1.9729992,14.974412
1307,12.04254,6.168185
1308,-4.543966,14.1964
1309,10.884925,13.420991
1310,-0.7634349,-5.4465857
1311,-2.9932456,-2.3528793
1312,5.5384316,-5.4747233
1313,6.700864,-1.7400962
1314,-3.4880605,3.8187997
1315,1.9332249,-4.4169474
1316,12.875828,4.220399
1317,-5.200715,14.403269
1318,12.638342,3.3373997
1319,8.21474,-0.023663199
1320,2.8865602,-2.251481
1321,10.074706,18.908669
1322,0.44419563,-4.60592
1323,11.965981,4.319547
1324,-3.907754,3.7914007
1325,7.812439,-1.6467367
1326,8.118722,-5.7640443
1327,12.368091,7.7285695
1328,6.699093,-4.0316014
1329,12.75041,7.789404
1330,-2.7320685,8.407288
1331,12.256687,11.640739
1332,0.8580428,1.3688713
1333,0.68854284,-4.1367097
1334,-0.9653208,7.9635415
1335,0.6228773,-3.2238953
1336,7.356638,-2.2461603
1337,-1.2102247,8.518359
1338,12.87968,4.0833254
1339,-0.9383775,6.535713
1340,10.200846,1.4171054
1341,-2.5245454,15.042629
1342,10.148678,18.803339
1343,10.613135,18.47974
1344,-0.3847377,7.06168
1345,7.7273407,-1.7434579
1346,-3.208432,10.014692
1347,10.973448,18.273407
1348,11.46309,3.5312726
1349,0.9484828,1.234399
1350,-0.63076925,5.8783817
1351,-1.2511601,2.7166808
1352,1.2623519,0.38860446
1353,11.428704,3.6211164
1354,7.8740873,-6.3963523
1355,12.610899,12.967445
1356,8.751348,-5.038636
1357,0.571938,0.045092832
1358,-1.3037575,4.6887174
1359,-0.79282534,-5.489379
1360,-4.0094285,13.238325
1361,9.176824,1.73855
1362,10.331974,12.679502
1363,9.170087,-6.9661956
1364,1.3658195,-4.617499
1365,-1.0933017,-5.10393
1366,6.8946743,-2.6278868
1367,0.62661064,1.6899003
1368,12.255243,5.400542
1369,2.4436169,-2.9616745
1370,-2.3422468,13.687341
1371,-3.2595108,-0.18459332
1372,-2.6012347,14.957664
1373,1.9600762,-2.834992
1374,10.5731125,11.897982
1375,-0.113372356,4.9732914
1376,4.388413,-4.7458444
1377,-3.2417767,3.7777822
1378,10.854644,4.707907
1379,10.966342,5.865933
1380,-3.1334777,-2.0802138
1381,10.317729,12.582174
1382,-4.681738,11.375982
1383,-0.90355456,13.244154
1384,-2.7270365,7.8944297
1385,-1.7866106,13.945603
1386,-2.6755357,4.036201
1387,6.9216404,-3.2791562
1388,4.7155495,-5.5869765
1389,7.84964,-1.5150917
1390,-0.43679148,7.041771
1391,12.7002945,3.275652
1392,12.580619,1.8884711
1393,-5.04697,12.048725
1394,12.24917,6.0519824
1395,9.170377,1.7116667
1396,8.486589,0.06535296
1397,8.150554,-0.1974241
1398,11.79226,1.4736023
1399,-1.8321072,9.5468
1400,10.14366,18.854925
1401,1.4846671,-4.623561
1402,-1.8666134,-4.746437
1403,9.328594,-6.104838
1404,10.48035,-6.113462
1405,-0.7924405,6.595336
1406,10.824567,11.125845
1407,0.40818283,-5.2217045
1408,2.5818007,-5.3396525
1409,8.003799,-1.4396644
1410,-3.3830936,3.682207
1411,-2.0193017,13.842082
1412,9.166425,-6.9999714
1413,11.045708,9.569629
1414,9.00841,1.2020868
1415,1.1127186,-2.889923
1416,1.0344583,-5.848112
1417,12.760499,4.697022
1418,-1.4086276,13.055079
1419,-4.292752,13.726931
1420,-1.1831524,2.813543
1421,3.4243157,-5.3490515
1422,12.005439,-0.2659295
1423,-4.881841,11.793245
1424,-4.1217318,4.0223
1425,5.7124786,-5.147952
1426,8.275751,-4.453274
1427,11.662364,1.0589777
1428,-3.0031319,-1.6506958
1429,10.221505,18.586079
1430,-1.1162854,5.849479
1431,10.569615,-6.1244454
1432,-3.4183695,15.179134
1433,10.539678,12.341886
1434,-3.373013,11.902186
1435,-2.604876,-2.5952451
1436,1.0912331,-4.4405203
1437,-1.2583625,2.7065074
1438,0.8215871,7.2487764
1439,12.781752,3.993706
1440,4.1948752,-5.2708807
1441,12.503621,0.3745711
1442,-0.53353006,4.2910466
1443,9.314,-3.6090446
1444,-0.94193244,-4.8125057
1445,-1.580131,-2.4902656
1446,10.655727,13.349669
1447,-0.3574759,13.282965
1448,-2.8421664,-1.8045484
1449,9.985916,2.1160088
1450,0.7383152,1.5974691
1451,-0.6924628,-5.280488
1452,9.364859,-2.3184776
1453,11.694317,4.9843917
1454,8.481619,0.09153896
1455,9.5489235,-6.1147146
1456,1.7665504,-0.2651442
1457,-3.5032768,11.067944
1458,12.824456,13.18449
1459,-2.8474474,-1.5051615
1460,-5.015824,11.979212
1461,-1.2161103,5.012566
1462,-1.5790253,9.216476
1463,6.49247,-1.6294013
1464,-4.1054826,13.40056
1465,-0.43145078,13.228765
1466,-0.95102555,8.030374
1467,2.7082622,-1.4940268
1468,-0.5690804,6.1934934
1469,0.07081237,3.1634915
1470,-0.6560532,5.867129
1471,11.513764,8.033259
1472,-0.48468658,6.5110765
1473,9.239306,-2.1392193
1474,12.352381,7.7249856
1475,7.996425,-5.7864184
1476,-1.831511,-2.9239216
1477,-1.9043849,-4.8558397
1478,9.3932,0.6175824
1479,11.547633,11.798142
1480,1.9005921,-0.48228577
1481,10.332294,-5.3856397
1482,1.8242476,-2.595092
1483,11.680916,7.86881
1484,-0.8263155,2.888514
1485,-5.161944,14.400253
1486,1.7945421,-4.4891405
1487,11.42068,8.327582
1488,-4.9243836,12.981489
1489,0.23019771,-6.053232
1490,10.059766,-4.036917
1491,10.548736,-6.0429926
1492,-1.4314921,5.717989
1493,-4.3558717,9.543545
1494,11.38781,3.1659274
1495,11.538565,3.3787675
1496,10.07409,-6.1967134
1497,-0.82542354,13.458323
1498,0.9723167,7.580992
1499,10.814428,4.901776
1500,8.949345,1.2111784
1501,-2.6238053,4.050875
1502,-0.3870437,8.877096
1503,-4.770614,14.232122
1504,11.4076605,4.335302
1505,12.0325365,1.2588147
1506,3.1632943,-4.950089
1507,9.198459,-6.93168
1508,2.0918264,-5.764085
1509,12.812837,12.4393
1510,-1.0586019,3.1796799
1511,11.933341,0.91992
1512,-4.7269273,14.206542
1513,11.935184,12.386226
1514,6.5591884,-1.6831738
1515,-3.169253,13.993507
1516,10.639493,-2.1858032
1517,1.0568444,-6.103925
1518,11.493162,13.645931
1519,11.760315,5.0787616
1520,10.332542,12.66091
1521,10.497812,18.555172
1522,-1.1875821,8.681751
1523,0.0018811214,3.3386307
1524,-3.6106057,10.215925
1525,-3.0256033,7.0929685
1526,10.970049,5.853378
1527,12.63673,3.1425426
1528,-2.0313222,9.943756
1529,2.7588189,-2.4948242
1530,-0.71306556,13.225569
1531,11.126173,9.449803
1532,3.2826934,-1.4607897
1533,-0.46164766,13.492213
1534,1.5842719,-2.9200442
1535,2.2429562,-5.716609
1536,-2.4404335,14.936832
1537,12.813092,13.150083
1538,-0.692379,8.1132765
1539,-1.3429041,13.816568
1540,9.236328,-3.1155787
1541,11.568692,7.2895937
1542,-3.2251577,10.012815
1543,-4.9001875,11.991751
1544,6.7954965,-3.0770268
1545,7.157884,-4.687934
1546,10.071298,18.916315
1547,10.815422,4.235842
1548,0.717037,1.7908335
1549,10.798989,11.60259
1550,10.517758,12.057201
1551,11.064389,10.115751
1552,10.375795,-4.60443
1553,11.847625,6.181579
1554,-2.3174474,15.182364
1555,-1.5627449,-2.436676
1556,0.34111556,-5.5879183
1557,-4.9305315,12.091132
1558,2.640519,-5.350221
1559,10.937738,3.9948106
1560,-4.1375523,4.049348
1561,10.961986,11.784995
1562,11.576593,13.440283
1563,2.7898974,-2.2956684
1564,-2.0207493,9.739278
1565,-2.7755754,-0.04604257
1566,6.9362035,-2.6440904
1567,10.799322,2.346164
1568,10.970133,18.280674
1569,7.956327,-4.295179
1570,-1.076743,7.229242
1571,12.283167,5.4250116
1572,-2.9243376,9.83556
1573,10.290918,12.575147
1574,11.890801,5.030404
1575,12.921127,7.592788
1576,-2.7975206,15.19007
1577,-2.4664927,-2.2671137
1578,-2.0103016,6.067379
1579,0.7488513,-5.6652746
1580,-3.9186637,10.580558
1581,8.726118,-1.3873222
1582,-4.9282413,12.026329
1583,7.0983887,-1.9318701
1584,-0.8690406,8.335722
1585,10.0843525,-2.7661793
1586,9.053715,-4.837834
1587,2.9990122,-2.3352556
1588,0.9521948,-0.23829699
1589,7.212004,-2.4390774
1590,11.38896,1.1934865
1591,12.728171,3.8900876
1592,-5.1676865,14.419283
1593,7.4501576,-6.3161016
1594,12.242901,3.751606
1595,1.9115726,-2.6720307
1596,12.267776,6.0087943
1597,11.285473,6.496627
1598,5.1368155,-5.746529
1599,11.708697,-0.38846695
1600,0.44696283,-6.4282937
1601,1.4077868,-4.598635
1602,7.4488072,-6.320696
1603,11.054102,9.604038
1604,-2.9285634,9.853634
1605,10.7407,4.0971193
1606,4.3158135,-4.6823335
1607,1.0666338,-6.344562
1608,3.0259778,-5.1884933
1609,-2.7467744,7.575938
1610,5.354038,-5.6039295
1611,-2.9198394,14.345331
1612,6.8237085,-3.0547776
1613,11.434958,3.5806534
1614,-2.8194149,7.567611
1615,-2.9622972,14.311091
1616,-1.167461,2.822074
1617,-1.0714531,2.8673077
1618,10.0146675,2.0932276
1619,-0.40206924,8.844514
1620,1.3480239,-3.6711957
1621,0.9135861,7.4818225
1622,-0.37826395,13.183722
1623,9.867486,-3.7916112
1624,10.96836,10.284024
1625,10.027732,-6.087617
1626,1.2212695,-4.436234
1627,9.224522,-3.6294682
1628,12.799565,7.3609
1629,-1.4152449,6.911703
1630,-0.78207916,2.8549714
1631,9.076699,-1.726229
1632,12.56968,12.969032
1633,12.516458,3.6707394
1634,-2.929953,-0.6901326
1635,2.3148122,-2.5168808
1636,9.438614,-4.7689137
1637,7.9815655,-1.0538778
1638,0.5257993,-3.3912823
1639,0.87080914,1.3076413
1640,-1.3980346,-5.0043406
1641,-3.6301093,10.435715
1642,12.593256,13.116865
1643,-3.40578,13.929922
1644,-1.3280905,5.2286005
1645,11.032763,9.65009
1646,-1.9536175,-2.030698
1647,1.8341228,-2.6308126
1648,11.375293,3.0207162
1649,-2.8327458,13.974806
1650,6.249137,-4.697577
1651,12.198328,11.596076
1652,9.192173,-1.7689538
1653,11.889122,11.5053835
1654,-1.9128675,-4.857592
1655,-0.4700578,4.231279
1656,1.0339583,7.957547
1657,4.004871,-4.941777
1658,11.835678,4.3082323
1659,1.8509179,-0.45920238
1660,11.430367,6.93115
1661,-3.679512,10.401537
1662,8.070549,-1.5953186
1663,9.536172,-3.9026606
1664,-1.3999853,5.3385153
1665,10.970048,18.272785
1666,-1.5594354,13.059044
1667,11.354511,11.188138
1668,-3.5077486,9.945998
1669,10.429132,18.610184
1670,-3.4519136,8.690136
1671,10.401606,-5.794317
1672,12.293631,5.467183
1673,-2.4023788,14.4441395
1674,11.467421,13.605228
1675,10.926715,13.429993
1676,-2.688023,-0.10501151
1677,1.2031667,-4.0383763
1678,0.79595983,0.16059689
1679,12.633514,13.019726
1680,11.032197,4.080262
1681,12.014984,11.541168
1682,0.7476141,0.13331388
1683,1.339609,-3.7053514
1684,-3.0249865,7.083054
1685,3.5330112,-5.740832
1686,2.9947603,-2.3055687
1687,10.350347,-4.4255505
1688,10.318697,12.617483
1689,11.541376,7.9852695
1690,9.379588,1.7289848
1691,7.318365,-2.3146682
1692,1.8799789,-4.4499164
1693,12.261006,6.029289
1694,-3.591529,10.728401
1695,0.27849877,-5.7026916
1696,12.597182,2.009324
1697,-3.7791321,8.48086
1698,11.535394,8.130397
1699,12.321385,5.6305776
1700,11.888204,5.094746
1701,3.1281748,-1.5560431
1702,11.603848,13.449817
1703,0.8325429,-4.090432
1704,2.642345,-1.5060046
1705,-2.9172447,6.2988844
1706,9.345479,-4.7817664
1707,1.0777338,-6.351613
1708,-1.0667698,3.144876
1709,-0.78423405,5.9042664
1710,12.055665,2.3643873
1711,7.9884295,-4.3220167
1712,0.7003805,1.7870122
1713,-2.4190416,13.782472
1714,9.545968,-4.244467
1715,11.447023,7.409794
1716,12.2032585,2.0565553
1717,3.8670871,-5.612503
1718,12.539023,1.8170309
1719,-3.0317438,-1.604965
1720,-1.1947051,8.671815
1721,1.8885736,-5.65872
1722,-2.4914863,7.4765916
1723,12.851927,7.87658
1724,-1.1152862,3.234948
1725,0.92901355,1.213114
1726,-0.5258913,9.031132
1727,2.9216814,-1.7859181
1728,6.940548,-2.6235619
1729,11.956134,11.811901
1730,2.8445086,-1.8485932
1731,11.539607,7.336364
1732,0.044201616,3.19211
1733,-0.864584,8.865638
1734,-3.472938,8.85443
1735,-0.6553333,7.077403
1736,-4.384902,9.578057
1737,-0.6504951,8.294745
1738,-2.9973273,-2.3770185
1739,0.62846845,0.036177434
1740,4.4662147,-4.800135
1741,-0.8230474,6.570379
1742,6.376477,-4.2366548
1743,-0.74194753,-3.9221857
1744,0.8441032,1.3931197
1745,1.0809678,-6.1671786
1746,5.1600313,-5.704764
1747,9.803922,-3.7893202
1748,-5.14178,14.388826
1749,1.2606255,-3.36074
1750,-0.8569558,2.9183393
1751,2.6845229,-1.5471646
1752,0.077760585,2.6426878
1753,-2.213012,-2.8050835
1754,9.229654,-3.6446223
1755,8.953246,-2.1203432
1756,2.0061212,-5.707814
1757,8.96627,1.2273498
1758,-2.9196942,-2.399032
1759,-2.860189,-0.71372837
1760,-4.687558,11.386967
1761,11.881871,12.322835
1762,1.0359528,-0.2607616
1763,10.270594,-6.147201
1764,-4.653565,11.341729
1765,12.832933,12.417179
1766,0.8557959,1.3739946
1767,0.4921316,-3.5083382
1768,10.49164,11.939441
1769,-3.4420838,3.6739793
1770,0.56940514,-3.2389467
1771,7.764442,-6.3895974
1772,-1.8859615,-4.9029174
1773,8.33535,-0.38217574
1774,-2.8412397,8.395822
1775,-1.752297,9.502556
1776,-2.5363867,13.840421
1777,-4.3351936,13.337326
1778,-1.5659564,-2.4763372
1779,10.403979,18.523483
1780,9.044747,1.0964018
1781,8.285454,0.13659443
1782,-2.3174796,4.115706
1783,9.181935,1.7339325
1784,2.6022866,-2.8941069
1785,9.0842905,-7.0933704
1786,-1.9067076,15.0032215
1787,-2.3681202,-2.1623044
1788,11.145177,6.057666
1789,10.659144,13.928153
1790,1.6554381,-2.546044
1791,-2.7957919,-1.5071679
1792,-4.0452924,13.842777
1793,-1.9330555,14.798374
1794,8.382899,-6.8190775
1795,10.011862,-4.1077166
1796,7.640955,-6.262961
1797,-1.0397036,8.499392
1798,9.473173,-4.90679
1799,-3.3921287,-0.17986436
1800,-2.9310818,6.3391056
1801,10.813805,14.108966
1802,11.06725,10.096045
1803,0.8671957,7.333776
1804,9.103895,-7.0487905
1805,10.747773,4.1693153
1806,8.300284,-0.41359252
1807,-1.0180213,6.5630627
1808,-3.2645886,-0.24826661
1809,10.527088,-6.137428
1810,11.125925,9.445342
1811,-3.612907,10.311106
1812,10.083224,-6.204249
1813,-2.6568127,-0.39756334
1814,12.154115,1.9798859
1815,-4.923494,12.907994
1816,8.643975,-1.5777637
1817,8.397604,-0.531377
1818,-2.7242072,-0.5901515
1819,0.5900383,6.9702315
1820,10.909677,5.807867
1821,10.35628,-2.1035526
1822,0.715644,-4.13502
1823,0.822545,7.2377543
1824,-4.866411,13.014973
1825,-4.83154,14.225018
1826,7.997496,-1.6273545
1827,1.3530295,-3.2771878
1828,11.885506,11.70154
1829,-3.418643,8.703329
1830,12.188239,0.23854098
1831,12.841458,4.564329
1832,11.057197,5.9653845
1833,1.457228,-6.300084
1834,11.193602,6.2170005
1835,-1.8264182,-2.9118438
1836,2.3300583,-2.5002992
1837,-0.60264933,2.724946
1838,-1.8467935,13.920323
1839,-0.84877086,6.5572767
1840,1.8204312,-0.38595343
1841,7.55585,-6.2973742
1842,10.977485,18.273966
1843,-4.5469146,11.237729
1844,-2.6858811,-0.10159445
1845,9.846397,2.1958396
1846,5.772068,-5.0844994
1847,10.867454,14.114376
1848,3.0924945,-4.953381
1849,11.782588,12.775799
1850,9.430727,-4.76034
1851,12.256592,-0.043785013
1852,11.063206,5.924293
1853,-4.4816303,14.387204
1854,-1.9457167,-2.0290258
1855,0.59085417,2.1918833
1856,-0.1809877,2.3350575
1857,8.618027,0.020939741
1858,-1.6616855,-4.9587617
1859,11.6750345,4.9625754
1860,10.369909,-2.555367
1861,12.738638,7.4195766
1862,10.169947,-2.6405404
1863,9.222345,-6.9629564
1864,4.927131,-5.658009
1865,12.602151,3.069243
1866,10.252135,12.548366
1867,-1.8459318,13.911246
1868,3.260216,-5.0107355
1869,-1.2735232,-5.0168757
1870,1.7964747,-4.4923954
1871,-2.2837696,7.3573046
1872,-0.8136707,6.610965
1873,11.482491,13.60201
1874,10.049868,-6.2145867
1875,-2.8826587,-1.8658906
1876,10.959988,3.8926606
1877,7.0149164,-3.0602279
1878,2.0074651,-5.711793
1879,11.438729,6.1255283
1880,-0.2324047,2.3202763
1881,10.806903,4.8072343
1882,-2.6764102,-0.50612336
1883,-3.3107152,3.7611256
1884,-3.8969617,10.546952
1885,0.38462374,-6.419461
1886,11.2389965,-1.794551
1887,-4.929841,13.007817
1888,0.4930797,-3.73954
1889,-0.9612045,3.0402803
1890,-3.4755783,-0.1448643
1891,11.134801,11.882405
1892,11.72675,5.0324936
1893,8.201843,-0.24628004
1894,0.37878507,-4.9223766
1895,11.395221,3.1614988
1896,-2.4941173,14.957702
1897,-1.1725869,-5.015954
1898,9.069372,-3.6307907
1899,1.0055522,7.97643
1900,0.8391535,-0.12139155
1901,11.7103815,2.3097785
1902,-1.7514269,4.15322
1903,2.9246104,-2.1931381
1904,11.682969,4.9058995
1905,-3.4043748,12.021943
1906,7.6219835,-6.2958627
1907,10.808404,4.8640776
1908,11.092255,5.9904885
1909,12.781243,7.7778296
1910,2.0294511,-5.7463093
1911,1.6600711,-0.053886894
1912,11.458604,8.102873
1913,5.632235,-5.009146
1914,-2.6776683,13.88382
1915,9.893512,-4.1120625
1916,8.6053705,-4.646358
1917,6.899376,-1.8599652
1918,6.7094545,-1.8362916
1919,9.134353,0.042192113
1920,11.476521,1.1328089
1921,9.418519,-5.3222675
1922,-1.1246912,8.733907
1923,-4.386674,9.563206
1924,3.1363509,-5.042843
1925,-2.6868427,7.6294885
1926,3.5867848,-5.7112584
1927,-0.30831283,7.0805545
1928,10.01323,1.8263581
1929,11.819338,1.0055897
1930,12.433534,13.045034
1931,-2.281281,13.535583
1932,0.9350152,0.2332618
1933,10.774739,11.199305
1934,6.801082,-1.7469954
1935,9.167545,-2.12699
1936,-0.30004117,5.451476
1937,-0.52344674,13.323306
1938,2.7933958,-1.5804646
1939,-3.317552,8.712567
1940,0.49937612,-3.5176413
1941,0.44839197,-6.450014
1942,5.4444966,-5.577347
1943,6.3809705,-4.193531
1944,-1.7238812,-2.8698835
1945,-2.0117276,9.69037
1946,1.3493268,-3.6660292
1947,-3.770523,13.169408
1948,10.587164,-6.151428
1949,11.48179,1.2098886
1950,-4.9849844,12.143753
1951,-4.0285506,14.4223175
1952,1.7276099,-4.71749
1953,-3.8325014,14.4619
1954,0.34808654,6.557667
1955,10.479408,12.126551
1956,12.498922,0.32594016
1957,11.416437,1.2037611
1958,-1.671288,-4.9321322
1959,8.360742,-6.79925
1960,1.7958007,-2.575239
1961,5.195563,-5.653692
1962,11.592518,4.796728
1963,3.283017,-1.4644407
1964,-3.6412985,15.088969
1965,12.579391,4.520359
1966,-1.5063648,13.051322
1967,10.611812,11.780881
1968,10.795465,4.8227253
1969,0.9512838,7.5016527
1970,12.578721,12.985254
1971,0.68958217,-4.0840044
1972,-3.7192428,12.539834
1973,0.90960115,1.2568233
1974,10.220034,-5.961516
1975,12.395936,13.115159
1976,8.656446,-1.2891308
1977,-1.2474986,5.8738565
1978,6.973823,-2.6888094
1979,11.347702,6.737246
1980,12.10932,2.25833
1981,4.7900753,-5.6258135
1982,-1.6188225,7.1202445
1983,-2.8964257,14.718694
1984,-0.9719258,6.5202084
1985,11.244538,9.195188
1986,-3.3885682,15.1846895
1987,8.906496,-6.0823927
1988,0.99415004,-5.894787
1989,11.725638,4.9149404
1990,0.50090504,-3.444761
1991,-3.526208,8.897617
1992,-1.8364453,-2.9078925
1993,10.218192,-5.9893293
1994,-1.0615882,6.6908784
1995,8.519964,-1.5584615
1996,-4.7955546,13.103121
1997,-0.3580647,13.245413
1998,8.151028,-0.17639294
1999,11.897922,2.545085
2000,8.720379,-4.7025614
2001,-1.5782697,6.9281163
2002,11.055586,11.84269
2003,-3.4722364,-0.11196647
2004,11.512935,7.314342
2005,11.915206,11.676203
2006,10.002636,-6.1702604
2007,9.754981,-4.188431
2008,7.924562,-1.1476159
2009,-0.57108504,9.043439
2010,11.771497,1.3407581
2011,-2.8294084,-1.9469852
2012,4.0407453,-4.408373
2013,2.7819304,-2.18378
2014,11.183914,9.4105215
2015,-3.0273345,7.1363916
2016,11.819408,4.9009714
2017,11.473341,13.640695
2018,7.319128,-2.3026361
2019,11.607169,13.448302
2020,-2.506361,-1.589083
2021,2.4286566,-5.1656346
2022,11.0084,10.017076
2023,-2.9164672,9.836128
2024,11.617927,13.404974
2025,10.341019,-4.4737134
2026,-0.5252234,8.119825
2027,7.280161,-2.3510332
2028,11.807068,11.758605
2029,1.0447251,7.804437
2030,0.5565763,6.9618654
2031,-3.3932068,15.16065
2032,3.1572177,-1.5397427
2033,1.2214488,0.37857682
2034,-1.9252795,14.798945
2035,-1.6920204,-3.1025982
2036,12.551572,12.933886
2037,7.8824925,-5.4495654
2038,6.3554926,-4.240033
2039,4.4641924,-5.4706626
2040,11.49151,13.667171
2041,-0.9801865,13.354567
2042,-3.8007762,8.455311
2043,3.9629934,-4.2849965
2044,7.0674243,-6.320126
2045,-1.5814201,-2.5125363
2046,7.3357,-2.2692573
2047,2.4525723,-5.362555
2048,-0.5115023,8.998371
2049,-1.375763,8.599426
2050,1.0392194,7.785047
2051,0.6560111,-4.135847
2052,4.142399,-4.5416536
2053,0.38508272,1.9554777
2054,10.745605,4.031895
2055,-0.4194415,8.929561
2056,-3.5866904,12.223177
2057,11.371622,6.3169146
2058,12.096373,11.530749
2059,-2.7902064,7.421364
2060,2.1886752,-2.6563044
2061,8.761822,-4.955767
2062,0.10439975,3.518089
2063,10.171666,1.4342172
2064,7.8032556,-5.356704
2065,-1.4354646,3.1322455
2066,9.314477,-3.182293
2067,1.0214789,7.7569423
2068,-0.6935127,4.398891
2069,8.680468,-1.3056788
2070,-1.0752853,2.7531092
2071,11.969679,2.391391
2072,-0.81899095,2.8804972
2073,-1.7082908,-2.6866775
2074,9.110874,-3.667717
2075,0.8179773,7.2356796
2076,-3.4263637,3.693925
2077,1.7383391,-4.4182
2078,-1.9358305,4.4917655
2079,-4.963008,12.059121
2080,11.600929,1.078243
2081,4.8649206,-5.1882896
2082,9.127232,0.084574625
2083,-3.9066143,10.567633
2084,10.190573,18.743229
2085,0.08780576,2.5896606
2086,9.220792,-3.1408846
2087,-3.3048036,3.8192515
2088,0.8967339,-4.093174
2089,0.84274286,-3.0589194
2090,8.095013,-1.6082554
2091,-0.12951796,2.2584841
2092,-4.6763625,11.35795
2093,7.6910458,-6.3458138
2094,8.674309,-1.3459338
